order_id,customer_id,order_date,status,total_amount,currency,updated_at
ord_0001,cust_062,2024-03-06,completed,427.9,USD,2024-03-08
ord_0002,cust_077,2024-03-13,pending,34.27,USD,2024-03-15
ord_0003,cust_054,2024-02-03,pending,167.38,USD,2024-02-11
ord_0004,cust_051,2024-01-10,completed,237.27,USD,2024-01-28
ord_0005,cust_013,2024-02-14,completed,441.45,USD,2024-02-25
ord_0006,cust_037,2024-03-19,refunded,18.79,USD,2024-04-14
ord_0007,cust_071,2024-01-18,cancelled,0.0,USD,2024-02-04
ord_0008,cust_020,2024-01-27,cancelled,136.79,USD,2024-02-25
ord_0009,cust_007,2024-01-01,cancelled,324.0,USD,2024-01-09
ord_0010,cust_021,2024-01-02,completed,51.49,USD,2024-01-30
ord_0011,cust_089,2024-03-15,refunded,86.83,USD,2024-03-19
ord_0012,cust_006,2024-01-06,cancelled,0.0,USD,2024-01-09
ord_0013,cust_046,2024-03-20,pending,129.82,USD,2024-03-25
ord_0014,cust_023,2024-02-12,shipped,404.08,USD,2024-03-10
ord_0015,cust_095,2024-01-14,shipped,438.0,USD,2024-02-10
ord_0016,cust_061,2024-02-09,pending,335.12,USD,2024-02-21
ord_0017,cust_043,2024-02-14,refunded,208.84,USD,2024-03-11
ord_0018,cust_069,2024-02-03,pending,492.02,USD,2024-02-04
ord_0019,cust_014,2024-02-25,refunded,492.35,USD,2024-02-28
ord_0020,cust_050,2024-02-25,completed,267.16,USD,2024-03-21
ord_0021,cust_069,2024-01-26,cancelled,475.2,USD,2024-02-24
ord_0022,cust_043,2024-02-08,refunded,165.0,USD,2024-02-21
ord_0023,cust_042,2024-02-23,shipped,343.5,USD,2024-03-22
ord_0024,cust_023,2024-01-01,cancelled,0.0,USD,2024-01-19
ord_0025,cust_078,2024-01-28,refunded,244.5,USD,2024-02-25
ord_0026,cust_095,2024-03-22,refunded,177.57,USD,2024-04-17
ord_0027,cust_097,2024-01-19,completed,37.41,USD,2024-02-03
ord_0028,cust_079,2024-03-21,refunded,109.3,USD,2024-04-12
ord_0029,cust_050,2024-01-01,completed,392.53,USD,2024-01-08
ord_0030,cust_023,2024-03-12,pending,73.86,USD,2024-03-16
ord_0031,cust_060,2024-02-26,refunded,410.28,USD,2024-03-25
ord_0032,cust_065,2024-01-21,shipped,233.28,USD,2024-02-14
ord_0033,cust_032,2024-03-03,pending,52.58,USD,2024-03-12
ord_0034,cust_031,2024-01-18,pending,351.57,USD,2024-02-09
ord_0035,cust_028,2024-02-23,completed,115.31,USD,2024-03-07
ord_0036,cust_050,2024-03-14,shipped,246.34,USD,2024-04-13
ord_0037,cust_046,2024-02-23,refunded,377.55,USD,2024-03-11
ord_0038,cust_078,2024-03-03,completed,203.6,USD,2024-03-24
ord_0039,cust_087,2024-01-17,refunded,274.05,USD,2024-02-15
ord_0040,cust_051,2024-02-24,pending,103.14,USD,2024-03-03
ord_0041,cust_049,2024-02-18,cancelled,418.48,USD,2024-02-26
ord_0042,cust_011,2024-02-14,pending,393.9,USD,2024-03-05
ord_0043,cust_006,2024-01-03,refunded,88.91,USD,2024-01-07
ord_0044,cust_061,2024-03-30,cancelled,96.38,USD,2024-04-18
ord_0045,cust_096,2024-02-09,completed,295.66,USD,2024-03-09
ord_0046,cust_040,2024-01-26,completed,302.17,USD,2024-02-21
ord_0047,cust_081,2024-03-28,refunded,405.68,USD,2024-04-22
ord_0048,cust_073,2024-02-17,completed,260.39,USD,2024-02-27
ord_0049,cust_002,2024-02-16,shipped,358.04,USD,2024-02-29
ord_0050,cust_023,2024-03-09,shipped,240.46,USD,2024-04-04
ord_0051,cust_094,2024-01-12,cancelled,133.27,USD,2024-01-26
ord_0052,cust_073,2024-02-11,pending,187.09,USD,2024-02-19
ord_0053,cust_044,2024-03-12,completed,265.56,USD,2024-03-18
ord_0054,cust_011,2024-01-31,shipped,328.26,USD,2024-02-15
ord_0055,cust_058,2024-03-29,pending,297.05,USD,2024-04-13
ord_0056,cust_071,2024-02-12,cancelled,146.39,USD,2024-02-20
ord_0057,cust_030,2024-03-09,pending,373.22,USD,2024-03-17
ord_0058,cust_093,2024-01-13,pending,190.03,USD,2024-01-22
ord_0059,cust_002,2024-01-07,refunded,156.69,USD,2024-02-06
ord_0060,cust_017,2024-01-02,refunded,152.9,USD,2024-01-17
ord_0061,cust_057,2024-03-02,completed,413.73,USD,2024-03-14
ord_0062,cust_063,2024-01-20,refunded,475.33,USD,2024-01-22
ord_0063,cust_032,2024-03-20,pending,199.48,USD,2024-04-18
ord_0064,cust_057,2024-03-13,refunded,44.21,USD,2024-04-12
ord_0065,cust_095,2024-02-03,completed,91.17,USD,2024-02-08
ord_0066,cust_071,2024-06-06,refunded,242.91,USD,2024-06-07
ord_0067,cust_030,2024-01-10,pending,397.1,USD,2024-01-30
ord_0068,cust_076,2024-03-10,pending,455.58,USD,2024-04-05
ord_0069,cust_019,2024-03-13,cancelled,242.32,USD,2024-03-22
ord_0070,cust_090,2024-02-26,completed,305.05,USD,2024-03-25
ord_0071,cust_056,2024-01-30,refunded,299.75,USD,2024-01-30
ord_0072,cust_098,2024-01-23,shipped,266.7,USD,2024-02-06
ord_0073,cust_036,2024-03-03,completed,242.96,USD,2024-03-16
ord_0074,cust_043,2024-02-22,shipped,154.79,USD,2024-03-23
ord_0075,cust_052,2024-02-10,cancelled,485.54,USD,2024-02-22
ord_0076,cust_066,2024-06-18,shipped,215.43,USD,2024-06-24
ord_0077,cust_067,2024-01-07,pending,78.54,USD,2024-01-16
ord_0078,cust_057,2024-03-21,refunded,402.67,USD,2024-04-12
ord_0079,cust_021,2024-06-01,completed,123.98,USD,2024-06-27
ord_0080,cust_015,2024-03-04,cancelled,147.61,USD,2024-03-30
ord_0081,cust_062,2024-02-19,pending,261.5,USD,2024-03-18
ord_0082,cust_018,2024-02-23,cancelled,261.25,USD,2024-03-20
ord_0083,cust_001,2024-03-25,shipped,434.65,USD,2024-04-08
ord_0084,cust_069,2024-02-18,shipped,467.43,USD,2024-03-16
ord_0085,cust_025,2024-02-22,completed,169.32,USD,2024-03-08
ord_0086,cust_091,2024-03-24,pending,32.95,USD,2024-04-09
ord_0087,cust_076,2024-01-13,refunded,456.56,USD,2024-01-13
ord_0088,cust_093,2024-01-10,shipped,394.04,USD,2024-01-18
ord_0089,cust_044,2024-02-12,refunded,199.3,USD,2024-02-22
ord_0090,cust_081,2024-01-05,refunded,48.18,USD,2024-01-25
ord_0091,cust_088,2024-02-25,completed,383.78,USD,2024-03-18
ord_0092,cust_013,2024-01-06,cancelled,157.28,USD,2024-01-17
ord_0093,cust_056,2024-01-24,pending,310.6,USD,2024-02-05
ord_0094,cust_080,2024-01-30,shipped,324.38,USD,2024-02-13
ord_0095,cust_033,2024-02-06,refunded,91.62,USD,2024-02-20
ord_0096,cust_045,2024-03-29,cancelled,161.53,USD,2024-04-10
ord_0097,cust_062,2024-02-07,cancelled,0.01,USD,2024-02-19
ord_0098,cust_036,invalid_date,completed,456.65,USD,invalid_date
ord_0099,cust_064,2024-01-30,refunded,403.94,USD,2024-02-06
ord_0100,cust_082,2024-03-25,pending,453.15,USD,2024-04-14
ord_0101,cust_006,2024-01-17,completed,456.17,USD,2024-01-27
ord_0102,cust_096,2024-02-16,refunded,258.37,USD,2024-02-24
ord_0103,cust_022,2024-02-07,cancelled,242.14,USD,2024-02-09
ord_0104,cust_019,2024-03-27,shipped,484.13,USD,2024-04-21
ord_0105,cust_072,2020-01-01,refunded,74.94,USD,2020-01-12
ord_0106,cust_087,2024-03-22,cancelled,0.0,USD,2024-03-22
ord_0107,cust_080,2024-01-29,completed,323.17,USD,2024-02-12
ord_0108,cust_090,2024-01-05,cancelled,71.32,USD,2024-01-12
ord_0109,cust_069,2024-03-30,refunded,218.28,USD,2024-04-22
ord_0110,cust_094,2024-03-03,refunded,212.94,USD,2024-04-02
ord_0111,cust_036,2024-01-31,cancelled,0.01,USD,2024-02-17
ord_0112,cust_083,2024-01-16,shipped,59.46,USD,2024-01-22
ord_0113,cust_083,2024-02-12,pending,396.68,USD,2024-02-18
ord_0114,cust_009,2024-01-30,cancelled,397.49,USD,2024-02-18
ord_0115,cust_001,2024-03-10,cancelled,68.31,USD,2024-04-06
ord_0116,cust_004,2024-03-16,cancelled,0.0,USD,2024-03-20
ord_0117,cust_095,2024-02-27,cancelled,67.89,USD,2024-03-14
ord_0118,cust_029,2024-03-25,refunded,161.29,USD,2024-04-14
ord_0119,cust_004,2024-03-28,completed,252.78,USD,2024-04-26
ord_0120,cust_057,2024-01-09,pending,322.04,USD,2024-01-26
ord_0121,cust_092,2024-02-28,refunded,308.63,USD,2024-03-02
ord_0122,cust_090,2024-03-11,pending,445.72,USD,2024-03-24
ord_0123,cust_044,2024-02-10,shipped,166.57,USD,2024-02-18
ord_0124,cust_048,2024-01-12,completed,60.22,USD,2024-01-15
ord_0125,cust_096,2024-03-16,refunded,287.42,USD,2024-04-06
ord_0126,cust_016,2024-02-24,completed,484.67,USD,2024-03-14
ord_0127,cust_040,2024-03-25,shipped,123.76,USD,2024-03-28
ord_0128,cust_045,2024-03-14,pending,424.9,USD,2024-04-07
ord_0129,cust_080,2024-03-25,cancelled,0.0,USD,2024-04-18
ord_0130,cust_040,2024-01-19,refunded,333.81,USD,2024-01-21
ord_0131,cust_019,2024-03-08,pending,235.02,USD,2024-03-13
ord_0132,cust_048,2024-03-17,completed,443.42,USD,2024-03-21
ord_0133,cust_021,2024-02-26,shipped,250.55,USD,2024-03-11
ord_0134,cust_054,2024-02-25,completed,152.37,USD,2024-03-17
ord_0135,cust_076,2024-02-20,refunded,41.57,USD,2024-02-26
ord_0136,cust_039,2024-02-07,cancelled,0.0,USD,2024-02-20
ord_0137,cust_023,2024-03-12,cancelled,0.01,USD,2024-03-13
ord_0138,cust_056,invalid_date,completed,433.12,USD,invalid_date
ord_0139,cust_055,2024-01-15,shipped,25.12,USD,2024-01-25
ord_0140,cust_022,2024-02-16,completed,226.81,USD,2024-02-19
ord_0141,cust_032,2024-02-09,cancelled,0.01,USD,2024-02-11
ord_0142,cust_066,2024-02-14,cancelled,412.19,USD,2024-03-11
ord_0143,cust_019,2024-03-18,pending,332.92,USD,2024-03-23
ord_0144,cust_099,2024-03-15,shipped,345.35,USD,2024-04-12
ord_0145,cust_073,2024-03-21,cancelled,0.0,USD,2024-04-04
ord_0146,cust_081,2024-03-05,completed,165.55,USD,2024-03-19
ord_0147,cust_005,2024-01-12,refunded,303.13,USD,2024-01-24
ord_0148,cust_060,2024-01-06,shipped,455.89,USD,2024-01-24
ord_0149,cust_084,2024-01-08,shipped,65.2,USD,2024-02-05
ord_0150,cust_044,2024-01-06,pending,495.63,USD,2024-01-22
ord_0151,cust_067,2024-02-19,shipped,390.62,USD,2024-03-11
ord_0152,cust_077,2024-02-12,completed,285.61,USD,2024-02-24
ord_0153,cust_037,2024-03-18,pending,297.63,USD,2024-03-22
ord_0154,cust_045,2024-01-17,refunded,358.78,USD,2024-01-19
ord_0155,cust_040,2024-01-17,refunded,60.32,USD,2024-02-07
ord_0156,cust_055,2024-05-19,pending,180.74,USD,2024-06-12
ord_0157,cust_063,2024-02-07,completed,261.23,USD,2024-02-24
ord_0158,cust_095,2024-03-20,pending,89.81,USD,2024-03-25
ord_0159,cust_089,2024-02-26,completed,214.27,USD,2024-03-18
ord_0160,cust_093,2024-02-27,pending,165.09,USD,2024-03-23
ord_0161,cust_061,2024-03-14,shipped,238.91,USD,2024-03-23
ord_0162,cust_100,2024-01-26,refunded,82.12,USD,2024-02-03
ord_0163,cust_007,2024-01-14,refunded,427.82,USD,2024-01-23
ord_0164,cust_011,2024-01-19,shipped,59.48,USD,2024-02-17
ord_0165,cust_029,2024-02-23,completed,207.28,USD,2024-03-05
ord_0166,cust_031,2024-02-10,completed,422.0,USD,2024-03-01
ord_0167,cust_043,2024-03-01,pending,242.52,USD,2024-03-20
ord_0168,cust_001,2024-05-07,pending,367.71,USD,2024-05-23
ord_0169,cust_055,2024-01-07,pending,400.04,USD,2024-01-21
ord_0170,cust_009,2024-01-03,refunded,293.9,USD,2024-01-25
ord_0171,cust_019,2024-05-25,pending,105.85,USD,2024-06-15
ord_0172,cust_011,2024-03-10,refunded,396.41,USD,2024-03-26
ord_0173,cust_071,2024-02-19,cancelled,0.0,USD,2024-03-15
ord_0174,cust_009,2024-03-15,cancelled,0.0,USD,2024-03-25
ord_0175,cust_083,2024-03-30,shipped,321.39,USD,2024-04-24
ord_0176,cust_018,2024-02-07,pending,,USD,2024-02-13
ord_0177,cust_006,2024-03-10,shipped,137.86,USD,2024-04-03
ord_0178,cust_083,2024-03-24,cancelled,0.01,USD,2024-04-06
ord_0179,cust_052,2024-01-24,shipped,350.65,USD,2024-02-04
ord_0180,cust_067,2024-02-25,refunded,497.62,USD,2024-03-01
ord_0181,cust_070,2024-02-07,cancelled,363.07,USD,2024-02-12
ord_0182,cust_089,2024-02-15,refunded,499.1,USD,2024-02-23
ord_0183,cust_082,2024-03-22,shipped,191.21,USD,2024-04-16
ord_0184,cust_096,2024-03-18,shipped,31.88,USD,2024-03-20
ord_0185,cust_031,2024-03-13,completed,308.47,USD,2024-04-03
ord_0186,cust_058,2024-03-14,pending,208.05,USD,2024-04-03
ord_0187,cust_036,2024-03-04,refunded,202.69,USD,2024-03-21
ord_0188,cust_016,2024-03-19,cancelled,499.33,USD,2024-03-25
ord_0189,cust_016,2024-02-26,completed,408.1,USD,2024-03-27
ord_0190,cust_041,2024-02-07,cancelled,360.23,USD,2024-03-07
ord_0191,cust_090,2024-01-16,pending,129.82,USD,2024-01-31
ord_0192,cust_004,2024-03-11,pending,56.81,USD,2024-03-20
ord_0193,cust_051,2024-02-22,refunded,50.77,USD,2024-03-03
ord_0194,cust_083,2024-01-17,refunded,325.3,USD,2024-01-22
ord_0195,cust_099,2024-01-08,completed,266.28,USD,2024-01-17
ord_0196,cust_022,2024-03-07,cancelled,136.54,USD,2024-03-27
ord_0197,cust_071,2024-01-12,refunded,325.88,USD,2024-01-30
ord_0198,cust_075,2024-03-18,cancelled,288.35,USD,2024-04-13
ord_0199,cust_004,2024-02-03,pending,217.04,USD,2024-02-23
ord_0200,cust_004,2024-02-08,shipped,133.77,USD,2024-03-04
ord_0201,cust_088,2024-01-21,shipped,216.58,USD,2024-02-04
ord_0202,cust_027,2024-02-10,cancelled,78.42,USD,2024-02-21
ord_0203,cust_066,2024-02-04,shipped,135.24,USD,2024-02-07
ord_0204,cust_007,2024-02-01,pending,467.87,USD,2024-02-24
ord_0205,cust_041,2024-02-29,shipped,441.35,USD,2024-03-15
ord_0206,cust_003,2024-01-31,pending,38.6,USD,2024-02-09
ord_0207,cust_064,2024-02-06,refunded,18.97,USD,2024-02-09
ord_0208,cust_056,2024-02-21,cancelled,0.0,USD,2024-03-09
ord_0209,cust_025,2024-02-27,refunded,150.66,USD,2024-03-17
ord_0210,cust_088,2024-02-17,cancelled,192.32,USD,2024-02-21
ord_0211,cust_026,2024-01-05,pending,404.92,USD,2024-01-21
ord_0212,cust_059,2024-03-19,cancelled,0.01,USD,2024-04-11
ord_0213,cust_039,2024-03-03,refunded,160.4,USD,2024-03-29
ord_0214,cust_003,2024-03-15,cancelled,366.78,USD,2024-04-06
ord_0215,cust_081,2024-03-15,refunded,125.36,USD,2024-03-16
ord_0216,cust_075,2024-02-18,pending,132.47,USD,2024-03-07
ord_0217,cust_090,2024-05-20,shipped,88.44,USD,2024-06-11
ord_0218,cust_027,2024-01-08,pending,287.03,USD,2024-01-29
ord_0219,cust_062,2024-03-09,cancelled,342.8,USD,2024-04-05
ord_0220,cust_093,2024-03-02,pending,150.32,USD,2024-03-11
ord_0221,cust_029,2024-03-31,pending,252.17,USD,2024-04-15
ord_0222,cust_045,2024-02-06,completed,293.14,USD,2024-02-23
ord_0223,cust_049,2024-01-19,cancelled,0.01,USD,2024-01-21
ord_0224,cust_045,2024-01-28,pending,146.5,USD,2024-02-14
ord_0225,cust_090,2024-01-31,pending,,USD,2024-02-28
ord_0226,cust_068,2024-02-12,shipped,63.76,USD,2024-03-07
ord_0227,cust_018,invalid_date,refunded,489.29,USD,invalid_date
ord_0228,cust_053,2024-03-24,pending,154.31,USD,2024-04-02
ord_0229,cust_083,2024-01-30,refunded,373.26,USD,2024-02-26
ord_0230,cust_005,2024-01-23,completed,498.63,USD,2024-02-04
ord_0231,cust_064,2024-02-07,completed,19.49,USD,2024-02-25
ord_0232,cust_078,2024-03-23,refunded,269.29,USD,2024-04-20
ord_0233,cust_018,2024-01-15,cancelled,0.0,USD,2024-01-23
ord_0234,cust_092,2024-03-13,pending,430.23,USD,2024-04-10
ord_0235,cust_052,2024-03-26,completed,104.62,USD,2024-03-30
ord_0236,cust_062,2024-01-31,shipped,380.57,USD,2024-03-01
ord_0237,cust_043,2020-01-01,cancelled,45.13,USD,2020-01-04
ord_0238,cust_060,2024-03-31,cancelled,324.77,USD,2024-04-30
ord_0239,cust_038,2024-03-02,pending,494.59,USD,2024-03-13
ord_0240,cust_054,2024-03-26,pending,344.97,USD,2024-04-14
ord_0241,cust_011,2024-03-13,completed,44.95,USD,2024-03-30
ord_0242,cust_065,2024-03-07,shipped,71.38,USD,2024-03-13
ord_0243,cust_092,2024-01-08,shipped,78.99,USD,2024-01-21
ord_0244,cust_059,2024-02-09,completed,207.04,USD,2024-03-06
ord_0245,cust_001,2024-02-14,completed,277.46,USD,2024-02-15
ord_0246,cust_009,2024-01-24,pending,489.49,USD,2024-02-13
ord_0247,cust_054,2024-02-18,shipped,53.92,USD,2024-03-19
ord_0248,cust_085,2024-01-16,pending,205.63,USD,2024-01-20
ord_0249,cust_094,2024-02-08,shipped,341.65,USD,2024-02-25
ord_0250,cust_055,2024-02-14,pending,469.64,USD,2024-03-08
ord_0251,cust_098,2024-01-03,pending,63.93,USD,2024-01-04
ord_0252,cust_058,2024-01-06,shipped,227.9,USD,2024-01-23
ord_0253,cust_028,2024-02-07,pending,369.79,USD,2024-02-17
ord_0254,cust_074,2024-02-08,pending,267.81,USD,2024-02-21
ord_0255,cust_039,2024-01-23,shipped,284.59,USD,2024-01-24
ord_0256,cust_045,2024-02-10,shipped,213.01,USD,2024-02-19
ord_0257,cust_049,2024-01-29,cancelled,85.01,USD,2024-02-12
ord_0258,cust_008,2024-01-18,shipped,132.79,USD,2024-01-24
ord_0259,cust_043,2024-01-12,refunded,366.42,USD,2024-01-18
ord_0260,cust_007,2024-01-10,pending,299.98,USD,2024-01-31
ord_0261,cust_072,2024-02-08,completed,117.73,USD,2024-02-14
ord_0262,cust_095,2024-02-01,refunded,356.33,USD,2024-02-13
ord_0263,cust_031,2024-03-09,cancelled,189.43,USD,2024-04-06
ord_0264,cust_064,2024-02-10,pending,215.76,USD,2024-02-28
ord_0265,cust_029,2024-06-19,refunded,295.88,USD,2024-07-02
ord_0266,cust_038,2024-02-01,shipped,282.06,USD,2024-03-02
ord_0267,cust_088,2024-03-23,shipped,238.5,USD,2024-04-15
ord_0268,cust_046,2024-03-10,completed,269.11,USD,2024-04-05
ord_0269,cust_010,2024-02-22,pending,127.25,USD,2024-03-15
ord_0270,cust_020,invalid_date,refunded,236.16,USD,invalid_date
ord_0271,cust_080,2024-03-25,shipped,22.63,USD,2024-04-11
ord_0272,cust_071,2024-07-11,cancelled,154.04,USD,2024-07-27
ord_0273,cust_090,2024-01-14,completed,269.33,USD,2024-01-21
ord_0274,cust_025,2024-02-20,completed,195.93,USD,2024-03-03
ord_0275,cust_059,2024-03-28,completed,332.06,USD,2024-04-24
ord_0276,cust_084,2024-03-11,shipped,42.22,USD,2024-03-11
ord_0277,cust_090,2024-02-12,refunded,489.0,USD,2024-02-15
ord_0278,cust_068,2024-03-29,refunded,245.62,USD,2024-03-30
ord_0279,cust_010,2024-03-25,completed,101.99,USD,2024-04-21
ord_0280,cust_041,invalid_date,pending,379.84,USD,invalid_date
ord_0281,cust_051,2024-03-13,shipped,343.36,USD,2024-03-30
ord_0282,cust_043,2024-03-29,completed,257.88,USD,2024-04-09
ord_0283,cust_007,2024-03-18,refunded,478.11,USD,2024-03-30
ord_0284,cust_100,2024-02-27,shipped,125.65,USD,2024-03-15
ord_0285,cust_049,2024-01-11,refunded,158.26,USD,2024-01-18
ord_0286,cust_092,2024-03-22,pending,168.59,USD,2024-03-25
ord_0287,cust_012,invalid_date,cancelled,384.25,USD,invalid_date
ord_0288,cust_017,2024-03-06,shipped,65.1,USD,2024-03-08
ord_0289,cust_046,2024-02-19,completed,156.55,USD,2024-03-02
ord_0290,cust_100,2024-02-01,refunded,267.74,USD,2024-02-22
ord_0291,cust_049,2024-01-19,completed,96.1,USD,2024-01-27
ord_0292,cust_054,2024-02-01,shipped,303.0,USD,2024-02-07
ord_0293,cust_059,2024-02-12,refunded,199.25,USD,2024-03-10
ord_0294,cust_043,2024-03-24,refunded,81.02,USD,2024-04-03
ord_0295,cust_078,2024-02-20,cancelled,0.01,USD,2024-03-06
ord_0296,cust_074,2024-02-20,cancelled,0.01,USD,2024-03-09
ord_0297,cust_070,2024-02-29,pending,156.3,USD,2024-03-22
ord_0298,cust_009,2024-03-04,pending,132.38,USD,2024-03-25
ord_0299,cust_020,2024-03-17,shipped,297.39,USD,2024-04-03
ord_0300,cust_065,2024-01-05,cancelled,408.96,USD,2024-01-24
ord_0301,cust_082,2024-03-26,cancelled,0.01,USD,2024-04-13
ord_0302,cust_083,2024-02-25,completed,20.12,USD,2024-03-04
ord_0303,cust_029,2024-03-14,pending,204.7,USD,2024-04-07
ord_0304,cust_087,2024-01-04,shipped,65.71,USD,2024-01-17
ord_0305,cust_011,2024-02-09,cancelled,115.33,USD,2024-02-24
ord_0306,cust_045,2024-02-10,completed,160.63,USD,2024-03-06
ord_0307,cust_091,2024-03-27,pending,374.14,USD,2024-04-12
ord_0308,cust_023,2024-02-29,pending,320.43,USD,2024-03-05
ord_0309,cust_082,2024-01-26,shipped,302.22,USD,2024-02-07
ord_0310,cust_001,2024-01-09,refunded,64.35,USD,2024-02-05
ord_0311,cust_069,2024-02-03,shipped,270.94,USD,2024-02-23
ord_0312,cust_041,2024-02-14,cancelled,314.42,USD,2024-03-11
ord_0313,cust_087,2024-01-11,pending,130.71,USD,2024-01-14
ord_0314,cust_024,2024-03-17,pending,220.17,USD,2024-04-01
ord_0315,cust_082,2024-01-23,refunded,95.93,USD,2024-02-01
ord_0316,cust_018,2024-02-15,completed,250.04,USD,2024-02-21
ord_0317,cust_050,2024-03-28,shipped,216.58,USD,2024-04-23
ord_0318,cust_057,2024-01-29,cancelled,0.0,USD,2024-02-07
ord_0319,cust_022,2024-03-04,refunded,262.74,USD,2024-03-22
ord_0320,cust_015,2024-03-10,completed,383.6,USD,2024-03-24
ord_0321,cust_070,2024-03-24,pending,499.67,USD,2024-04-07
ord_0322,cust_034,2024-01-16,pending,372.74,USD,2024-02-07
ord_0323,cust_045,2024-03-19,pending,409.56,USD,2024-04-13
ord_0324,cust_008,2024-01-22,cancelled,156.93,USD,2024-02-09
ord_0325,cust_035,2024-01-13,pending,396.06,USD,2024-02-11
ord_0326,cust_008,2024-01-17,pending,171.22,USD,2024-01-24
ord_0327,cust_098,2024-03-21,cancelled,196.96,USD,2024-03-23
ord_0328,cust_082,2024-02-05,cancelled,251.7,USD,2024-02-23
ord_0329,cust_001,2024-02-28,cancelled,400.9,USD,2024-03-11
ord_0330,cust_028,2024-02-11,cancelled,295.3,USD,2024-02-29
ord_0331,cust_063,2024-01-06,completed,318.7,USD,2024-02-01
ord_0332,cust_059,invalid_date,pending,15.33,USD,invalid_date
ord_0333,cust_055,2024-03-24,cancelled,0.01,USD,2024-04-01
ord_0334,cust_012,2024-03-24,pending,,USD,2024-04-13
ord_0335,cust_040,2024-01-12,completed,15.53,USD,2024-01-27
ord_0336,cust_010,2024-01-02,completed,352.36,USD,2024-01-28
ord_0337,cust_016,2024-01-10,pending,369.42,USD,2024-01-13
ord_0338,cust_014,2024-01-18,pending,,USD,2024-02-05
ord_0339,cust_002,2024-01-28,pending,313.8,USD,2024-02-11
ord_0340,cust_028,2024-03-16,shipped,185.49,USD,2024-03-29
ord_0341,cust_041,2024-02-01,refunded,306.48,USD,2024-02-24
ord_0342,cust_078,2024-03-25,cancelled,0.01,USD,2024-03-31
ord_0343,cust_096,2024-01-31,shipped,202.15,USD,2024-02-07
ord_0344,cust_064,2024-01-02,cancelled,79.01,USD,2024-01-29
ord_0345,cust_073,2024-03-01,completed,23.09,USD,2024-03-03
ord_0346,cust_002,2024-02-20,refunded,153.95,USD,2024-03-13
ord_0347,cust_065,2024-03-22,refunded,275.76,USD,2024-03-26
ord_0348,cust_036,2024-01-20,refunded,173.47,USD,2024-02-07
ord_0349,cust_082,2024-02-09,shipped,369.03,USD,2024-03-07
ord_0350,cust_031,2024-02-28,refunded,310.28,USD,2024-03-08
ord_0351,cust_086,2024-03-31,pending,94.46,USD,2024-04-30
ord_0352,cust_045,2024-01-22,cancelled,0.01,USD,2024-01-30
ord_0353,cust_094,2024-02-24,cancelled,142.53,USD,2024-03-13
ord_0354,cust_081,2024-03-04,refunded,95.94,USD,2024-03-09
ord_0355,cust_033,2024-01-15,pending,16.25,USD,2024-02-11
ord_0356,cust_002,2024-01-20,pending,430.88,USD,2024-02-06
ord_0357,cust_092,2024-02-23,cancelled,0.0,USD,2024-03-05
ord_0358,cust_016,2024-03-07,completed,477.73,USD,2024-03-09
ord_0359,cust_060,2024-01-12,refunded,236.52,USD,2024-01-23
ord_0360,cust_026,2024-02-01,shipped,193.61,USD,2024-02-16
ord_0361,cust_099,2024-02-01,pending,,USD,2024-02-14
ord_0362,cust_004,2024-01-02,cancelled,0.01,USD,2024-01-29
ord_0363,cust_095,2024-01-31,shipped,253.63,USD,2024-02-01
ord_0364,cust_019,2024-03-07,shipped,354.91,USD,2024-03-18
ord_0365,cust_059,2024-01-18,shipped,51.29,USD,2024-02-05
ord_0366,cust_008,2024-02-03,cancelled,205.58,USD,2024-02-29
ord_0367,cust_095,2024-01-26,pending,298.58,USD,2024-01-30
ord_0368,cust_014,2024-03-09,cancelled,115.7,USD,2024-03-18
ord_0369,cust_060,2024-03-28,cancelled,352.99,USD,2024-03-29
ord_0370,cust_028,2024-02-01,cancelled,38.74,USD,2024-02-10
ord_0371,cust_034,2024-02-27,refunded,377.82,USD,2024-03-05
ord_0372,cust_013,2024-01-02,completed,417.73,USD,2024-01-09
ord_0373,cust_017,2024-03-23,completed,297.43,USD,2024-03-31
ord_0374,cust_010,2024-02-26,pending,,USD,2024-03-24
ord_0375,cust_043,2024-03-14,shipped,413.52,USD,2024-03-26
ord_0376,cust_064,2024-01-28,pending,231.32,USD,2024-02-01
ord_0377,cust_005,2024-03-04,shipped,443.15,USD,2024-03-19
ord_0378,cust_008,2024-03-23,refunded,135.84,USD,2024-04-17
ord_0379,cust_070,2024-02-15,shipped,279.09,USD,2024-03-01
ord_0380,cust_045,2024-01-24,completed,169.66,USD,2024-01-31
ord_0381,cust_004,2024-03-01,refunded,188.35,USD,2024-03-19
ord_0382,cust_030,2024-02-04,refunded,410.9,USD,2024-03-04
ord_0383,cust_095,2024-02-19,cancelled,495.9,USD,2024-02-24
ord_0384,cust_023,2024-02-15,refunded,28.68,USD,2024-03-08
ord_0385,cust_046,2024-01-25,shipped,277.93,USD,2024-01-30
ord_0386,cust_063,2024-01-03,refunded,246.82,USD,2024-01-13
ord_0387,cust_079,2024-02-11,completed,25.63,USD,2024-02-29
ord_0388,cust_091,2024-02-16,completed,196.19,USD,2024-03-17
ord_0389,cust_085,2024-01-18,pending,226.88,USD,2024-02-07
ord_0390,cust_063,2024-03-29,refunded,396.69,USD,2024-04-05
ord_0391,cust_086,2024-03-29,cancelled,0.01,USD,2024-04-28
ord_0392,cust_090,2024-03-13,completed,103.31,USD,2024-03-23
ord_0393,cust_079,2024-01-19,cancelled,130.43,USD,2024-01-29
ord_0394,cust_022,2024-03-26,cancelled,143.63,USD,2024-04-02
ord_0395,cust_089,2024-01-01,completed,202.18,USD,2024-01-24
ord_0396,cust_054,2024-02-18,cancelled,64.19,USD,2024-03-04
ord_0397,cust_074,2024-01-10,completed,158.03,USD,2024-01-20
ord_0398,cust_034,2024-02-18,pending,280.32,USD,2024-03-17
ord_0399,cust_012,2024-03-31,completed,224.19,USD,2024-04-20
ord_0400,cust_022,2024-02-12,pending,213.5,USD,2024-02-29
ord_0401,cust_093,2024-02-08,pending,,USD,2024-02-20
ord_0402,cust_074,2024-01-01,shipped,57.5,USD,2024-01-27
ord_0403,cust_085,2024-01-27,pending,488.87,USD,2024-02-11
ord_0404,cust_015,2024-03-25,cancelled,0.01,USD,2024-03-30
ord_0405,cust_048,2024-02-03,shipped,240.55,USD,2024-02-10
ord_0406,cust_035,2024-01-13,completed,339.05,USD,2024-02-07
ord_0407,cust_070,2024-01-08,shipped,411.93,USD,2024-01-21
ord_0408,cust_069,2024-01-31,shipped,159.94,USD,2024-02-12
ord_0409,cust_092,2024-03-14,refunded,86.51,USD,2024-04-13
ord_0410,cust_097,2024-01-28,pending,220.34,USD,2024-02-18
ord_0411,cust_056,2024-03-17,cancelled,367.64,USD,2024-04-11
ord_0412,cust_009,2024-02-05,refunded,237.21,USD,2024-03-03
ord_0413,cust_002,2024-02-23,completed,216.0,USD,2024-02-27
ord_0414,cust_073,2024-01-14,refunded,393.08,USD,2024-02-08
ord_0415,cust_037,2024-02-03,shipped,332.57,USD,2024-02-21
ord_0416,cust_078,2024-03-20,refunded,345.19,USD,2024-04-01
ord_0417,cust_005,2024-01-07,shipped,461.6,USD,2024-02-04
ord_0418,cust_048,2024-02-05,shipped,431.24,USD,2024-02-26
ord_0419,cust_013,2024-02-26,cancelled,0.0,USD,2024-03-17
ord_0420,cust_012,2024-03-03,refunded,435.59,USD,2024-03-29
ord_0421,cust_008,2024-03-05,shipped,80.79,USD,2024-04-01
ord_0422,cust_068,2024-01-26,completed,136.0,USD,2024-02-09
ord_0423,cust_007,2024-02-29,refunded,207.52,USD,2024-03-29
ord_0424,cust_016,2024-02-27,pending,245.17,USD,2024-03-15
ord_0425,cust_045,2024-03-29,completed,153.26,USD,2024-04-10
ord_0426,cust_007,2024-01-29,pending,145.51,USD,2024-02-11
ord_0427,cust_066,2024-01-02,shipped,457.08,USD,2024-01-22
ord_0428,cust_023,2024-05-12,refunded,405.47,USD,2024-05-21
ord_0429,cust_092,2024-02-18,cancelled,120.83,USD,2024-02-27
ord_0430,cust_087,2024-01-01,refunded,499.72,USD,2024-01-31
ord_0431,cust_048,2024-03-28,completed,248.64,USD,2024-04-07
ord_0432,cust_036,2024-03-24,cancelled,0.01,USD,2024-03-31
ord_0433,cust_008,2024-03-25,cancelled,364.82,USD,2024-04-14
ord_0434,cust_064,2024-02-19,completed,297.77,USD,2024-03-08
ord_0435,cust_025,2024-03-22,shipped,454.67,USD,2024-04-12
ord_0436,cust_046,2024-03-12,pending,243.33,USD,2024-04-04
ord_0437,cust_034,2024-03-28,cancelled,122.79,USD,2024-04-04
ord_0438,cust_096,2024-02-17,cancelled,239.92,USD,2024-02-20
ord_0439,cust_061,2024-03-20,completed,244.03,USD,2024-03-26
ord_0440,cust_065,2024-02-22,completed,437.36,USD,2024-02-26
ord_0441,cust_018,2024-02-28,pending,362.1,USD,2024-03-23
ord_0442,cust_011,2024-03-22,completed,17.29,USD,2024-03-30
ord_0443,cust_027,2024-03-03,completed,77.76,USD,2024-03-16
ord_0444,cust_082,2024-01-01,completed,273.88,USD,2024-01-24
ord_0445,cust_048,2024-03-08,pending,,USD,2024-03-08
ord_0446,cust_081,2024-02-09,pending,259.12,USD,2024-02-18
ord_0447,cust_022,2024-02-28,refunded,304.24,USD,2024-03-09
ord_0448,cust_056,2024-03-03,cancelled,94.97,USD,2024-04-01
ord_0449,cust_052,invalid_date,pending,78.63,USD,invalid_date
ord_0450,cust_003,2024-03-24,completed,196.97,USD,2024-04-13
ord_0451,cust_033,2024-01-07,completed,331.98,USD,2024-01-07
ord_0452,cust_007,2024-03-11,cancelled,89.27,USD,2024-04-02
ord_0453,cust_088,2024-03-25,refunded,145.94,USD,2024-04-13
ord_0454,cust_090,2024-03-20,completed,152.11,USD,2024-04-14
ord_0455,cust_014,2024-03-07,pending,213.73,USD,2024-03-12
ord_0456,cust_006,2024-03-02,cancelled,0.0,USD,2024-03-04
ord_0457,cust_015,2024-01-12,refunded,51.4,USD,2024-02-04
ord_0458,cust_013,2024-02-07,cancelled,63.41,USD,2024-02-12
ord_0459,cust_006,2024-02-24,completed,61.07,USD,2024-03-19
ord_0460,cust_006,invalid_date,pending,97.7,USD,invalid_date
ord_0461,cust_057,2024-02-17,cancelled,0.0,USD,2024-03-18
ord_0462,cust_059,2024-02-23,pending,352.64,USD,2024-02-24
ord_0463,cust_021,2024-03-13,shipped,102.91,USD,2024-03-25
ord_0464,cust_100,2024-01-17,shipped,461.39,USD,2024-01-20
ord_0465,cust_053,2024-01-02,refunded,387.25,USD,2024-01-20
ord_0466,cust_093,2024-02-13,refunded,268.71,USD,2024-03-06
ord_0467,cust_080,2024-02-14,shipped,87.1,USD,2024-03-11
ord_0468,cust_072,2020-01-01,pending,242.61,USD,2020-01-16
ord_0469,cust_022,2024-02-05,completed,260.86,USD,2024-02-22
ord_0470,cust_083,2024-02-26,refunded,232.33,USD,2024-03-24
ord_0471,cust_064,2024-03-24,completed,64.78,USD,2024-04-06
ord_0472,cust_005,2024-04-21,refunded,482.14,USD,2024-05-11
ord_0473,cust_039,2024-02-28,cancelled,41.32,USD,2024-03-06
ord_0474,cust_059,2024-03-25,cancelled,70.3,USD,2024-04-18
ord_0475,cust_085,2024-02-07,refunded,268.16,USD,2024-02-29
ord_0476,cust_014,2024-02-22,completed,138.33,USD,2024-02-28
ord_0477,cust_025,2024-01-25,cancelled,0.0,USD,2024-02-23
ord_0478,cust_082,2024-02-27,shipped,334.35,USD,2024-03-28
ord_0479,cust_065,2024-01-07,refunded,468.62,USD,2024-02-02
ord_0480,cust_075,2024-01-23,refunded,99.22,USD,2024-02-18
ord_0481,cust_017,2024-02-11,refunded,442.47,USD,2024-02-24
ord_0482,cust_078,2024-02-13,cancelled,79.69,USD,2024-02-26
ord_0483,cust_078,2024-03-30,refunded,432.44,USD,2024-04-21
ord_0484,cust_095,2024-03-20,cancelled,461.78,USD,2024-03-24
ord_0485,cust_091,2024-03-29,cancelled,383.98,USD,2024-04-15
ord_0486,cust_062,2024-03-27,refunded,153.68,USD,2024-04-23
ord_0487,cust_055,2024-01-19,completed,340.07,USD,2024-01-25
ord_0488,cust_035,2024-02-02,pending,349.94,USD,2024-02-11
ord_0489,cust_027,2024-01-14,refunded,436.0,USD,2024-02-06
ord_0490,cust_072,2024-01-31,refunded,395.39,USD,2024-02-25
ord_0491,cust_090,2024-02-19,shipped,479.0,USD,2024-03-11
ord_0492,cust_041,2024-01-26,refunded,436.39,USD,2024-02-22
ord_0493,cust_057,2024-03-23,cancelled,280.11,USD,2024-04-11
ord_0494,cust_026,2024-01-23,completed,105.68,USD,2024-01-28
ord_0495,cust_095,2024-03-12,cancelled,0.01,USD,2024-03-20
ord_0496,cust_001,2024-01-20,cancelled,390.23,USD,2024-02-09
ord_0497,cust_079,2024-03-11,cancelled,0.01,USD,2024-03-27
ord_0498,cust_029,2024-01-21,shipped,278.39,USD,2024-02-02
ord_0499,cust_012,2024-02-12,cancelled,0.01,USD,2024-03-02
ord_0500,cust_068,2024-03-24,completed,70.64,USD,2024-04-04
ord_0501,cust_058,2024-02-01,completed,346.04,USD,2024-02-11
ord_0502,cust_049,2024-03-10,cancelled,0.01,USD,2024-04-03
ord_0503,cust_048,2024-02-07,pending,54.94,USD,2024-02-10
ord_0504,cust_022,2024-03-21,completed,117.23,USD,2024-04-10
ord_0505,cust_100,2024-01-27,refunded,416.94,USD,2024-02-24
ord_0506,cust_095,2024-03-28,pending,,USD,2024-04-19
ord_0507,cust_043,2024-02-02,refunded,49.16,USD,2024-02-28
ord_0508,cust_030,2024-02-21,shipped,168.46,USD,2024-03-04
ord_0509,cust_087,2024-07-11,refunded,45.67,USD,2024-08-03
ord_0510,cust_075,2024-03-05,completed,155.57,USD,2024-03-26
ord_0511,cust_039,2024-02-18,shipped,413.73,USD,2024-02-18
ord_0512,cust_061,2024-03-10,cancelled,84.88,USD,2024-03-31
ord_0513,cust_094,2020-01-01,refunded,83.57,USD,2020-01-02
ord_0514,cust_001,2024-01-11,cancelled,0.01,USD,2024-02-03
ord_0515,cust_045,2024-01-19,pending,314.19,USD,2024-01-27
ord_0516,cust_025,2024-01-07,refunded,238.71,USD,2024-01-24
ord_0517,cust_010,2024-03-15,shipped,476.5,USD,2024-03-26
ord_0518,cust_017,2024-01-09,pending,233.56,USD,2024-01-28
ord_0519,cust_085,2024-02-16,cancelled,96.79,USD,2024-02-26
ord_0520,cust_032,2024-02-05,cancelled,0.01,USD,2024-03-04
ord_0521,cust_062,2024-03-11,completed,100.25,USD,2024-03-30
ord_0522,cust_011,2024-03-09,pending,444.87,USD,2024-03-11
ord_0523,cust_094,2024-06-13,completed,409.13,USD,2024-07-01
ord_0524,cust_052,2024-02-03,refunded,448.58,USD,2024-02-20
ord_0525,cust_061,2024-03-16,cancelled,0.01,USD,2024-03-18
ord_0526,cust_051,2024-05-10,refunded,346.82,USD,2024-06-03
ord_0527,cust_066,2024-03-13,pending,249.5,USD,2024-03-24
ord_0528,cust_006,2024-02-17,pending,,USD,2024-02-23
ord_0529,cust_067,2024-02-28,completed,34.35,USD,2024-03-19
ord_0530,cust_042,2024-02-05,cancelled,291.53,USD,2024-02-17
ord_0531,cust_084,2024-01-10,refunded,137.02,USD,2024-02-08
ord_0532,cust_029,2024-03-03,shipped,445.28,USD,2024-03-03
ord_0533,cust_065,2024-03-06,cancelled,0.0,USD,2024-03-17
ord_0534,cust_078,2024-02-12,completed,248.54,USD,2024-02-27
ord_0535,cust_062,2024-01-03,pending,,USD,2024-01-21
ord_0536,cust_076,2024-03-14,pending,,USD,2024-03-22
ord_0537,cust_024,2024-03-22,completed,441.08,USD,2024-04-14
ord_0538,cust_085,2024-03-18,shipped,435.64,USD,2024-03-23
ord_0539,cust_029,2024-01-24,refunded,334.93,USD,2024-02-01
ord_0540,cust_022,2024-03-16,completed,126.46,USD,2024-03-28
ord_0541,cust_017,2024-03-05,shipped,415.86,USD,2024-03-24
ord_0542,cust_013,2024-03-09,refunded,379.91,USD,2024-03-11
ord_0543,cust_062,2024-01-01,shipped,268.19,USD,2024-01-12
ord_0544,cust_006,2024-03-02,shipped,185.0,USD,2024-03-27
ord_0545,cust_095,2024-02-24,pending,386.44,USD,2024-03-24
ord_0546,cust_011,2024-01-25,completed,358.94,USD,2024-02-19
ord_0547,cust_001,2020-01-01,pending,168.21,USD,2020-01-12
ord_0548,cust_014,2024-03-09,shipped,288.87,USD,2024-03-28
ord_0549,cust_036,2024-03-11,refunded,249.0,USD,2024-03-22
ord_0550,cust_072,2024-02-14,shipped,371.85,USD,2024-03-12
ord_0551,cust_085,2024-01-21,completed,119.01,USD,2024-02-02
ord_0552,cust_044,2024-01-07,pending,323.4,USD,2024-02-01
ord_0553,cust_012,2024-01-12,completed,142.6,USD,2024-01-23
ord_0554,cust_011,2024-02-21,refunded,333.24,USD,2024-03-01
ord_0555,cust_092,2024-01-23,shipped,227.9,USD,2024-01-29
ord_0556,cust_085,2024-03-17,refunded,265.17,USD,2024-03-24
ord_0557,cust_079,2024-01-01,pending,,USD,2024-01-09
ord_0558,cust_100,2024-01-26,refunded,22.45,USD,2024-02-17
ord_0559,cust_009,2024-03-12,refunded,183.83,USD,2024-04-11
ord_0560,cust_036,2024-02-21,refunded,17.26,USD,2024-02-26
ord_0561,cust_053,2024-02-13,completed,404.43,USD,2024-03-14
ord_0562,cust_033,2024-03-29,shipped,483.54,USD,2024-04-16
ord_0563,cust_062,2024-02-28,shipped,449.81,USD,2024-03-26
ord_0564,cust_004,2024-01-29,pending,215.03,USD,2024-02-09
ord_0565,cust_067,2024-02-06,completed,208.48,USD,2024-02-29
ord_0566,cust_044,2024-02-15,pending,145.5,USD,2024-03-16
ord_0567,cust_096,2024-01-26,pending,438.28,USD,2024-02-01
ord_0568,cust_030,2024-01-20,completed,73.14,USD,2024-01-22
ord_0569,cust_087,2020-01-01,refunded,479.63,USD,2020-01-28
ord_0570,cust_062,2024-03-14,cancelled,492.43,USD,2024-04-12
ord_0571,cust_066,2024-01-07,refunded,402.65,USD,2024-01-22
ord_0572,cust_070,2024-01-23,shipped,488.61,USD,2024-02-14
ord_0573,cust_067,2020-01-01,pending,63.86,USD,2020-01-12
ord_0574,cust_079,2024-02-04,shipped,479.89,USD,2024-02-14
ord_0575,cust_047,2024-02-17,cancelled,150.62,USD,2024-02-22
ord_0576,cust_074,2024-01-13,cancelled,284.34,USD,2024-02-09
ord_0577,cust_049,2024-03-01,completed,100.65,USD,2024-03-16
ord_0578,cust_018,2024-02-10,shipped,160.52,USD,2024-02-27
ord_0579,cust_073,2024-01-28,cancelled,320.48,USD,2024-02-11
ord_0580,cust_096,2024-02-02,cancelled,0.0,USD,2024-02-29
ord_0581,cust_087,2024-03-24,refunded,99.65,USD,2024-04-17
ord_0582,cust_037,2024-02-27,completed,199.82,USD,2024-03-07
ord_0583,cust_060,2024-02-13,shipped,321.17,USD,2024-03-02
ord_0584,cust_052,2024-01-30,cancelled,156.31,USD,2024-02-07
ord_0585,cust_078,2024-02-16,refunded,267.65,USD,2024-03-01
ord_0586,cust_053,2024-01-31,cancelled,354.84,USD,2024-02-02
ord_0587,cust_027,2024-03-01,refunded,41.11,USD,2024-03-25
ord_0588,cust_051,2024-03-20,pending,,USD,2024-04-18
ord_0589,cust_050,2024-03-21,pending,421.68,USD,2024-03-21
ord_0590,cust_005,2024-03-01,shipped,487.87,USD,2024-03-18
ord_0591,cust_035,2024-03-10,pending,236.42,USD,2024-04-02
ord_0592,cust_082,2024-03-09,cancelled,248.6,USD,2024-03-16
ord_0593,cust_012,2024-02-08,completed,15.04,USD,2024-03-05
ord_0594,cust_098,2024-01-02,shipped,474.27,USD,2024-01-17
ord_0595,cust_039,invalid_date,shipped,402.01,USD,invalid_date
ord_0596,cust_030,2024-03-12,shipped,206.45,USD,2024-03-17
ord_0597,cust_092,2024-02-03,completed,219.79,USD,2024-02-10
ord_0598,cust_067,2024-03-28,cancelled,0.01,USD,2024-04-22
ord_0599,cust_035,2024-02-07,completed,323.89,USD,2024-02-26
ord_0600,cust_058,2024-01-03,pending,,USD,2024-01-20
ord_0601,cust_003,2024-02-26,completed,127.91,USD,2024-03-01
ord_0602,cust_002,2024-03-04,cancelled,398.84,USD,2024-03-14
ord_0603,cust_011,2024-02-20,completed,278.45,USD,2024-02-25
ord_0604,cust_025,2024-01-02,completed,487.68,USD,2024-01-24
ord_0605,cust_032,2024-01-05,pending,388.93,USD,2024-01-21
ord_0606,cust_086,2024-02-09,cancelled,0.01,USD,2024-03-03
ord_0607,cust_071,2024-01-26,cancelled,433.87,USD,2024-02-01
ord_0608,cust_015,2020-01-01,cancelled,206.97,USD,2020-01-08
ord_0609,cust_002,2024-03-29,refunded,90.17,USD,2024-04-22
ord_0610,cust_012,2024-02-13,completed,43.99,USD,2024-03-04
ord_0611,cust_020,2024-01-30,cancelled,397.45,USD,2024-02-23
ord_0612,cust_045,2024-03-29,shipped,188.71,USD,2024-04-02
ord_0613,cust_033,2024-02-07,refunded,353.06,USD,2024-02-13
ord_0614,cust_073,2024-02-05,refunded,458.52,USD,2024-02-22
ord_0615,cust_021,2024-02-03,refunded,193.05,USD,2024-02-03
ord_0616,cust_100,2024-01-03,refunded,430.56,USD,2024-01-27
ord_0617,cust_080,2024-03-09,shipped,107.09,USD,2024-03-30
ord_0618,cust_064,2024-02-22,cancelled,0.01,USD,2024-02-24
ord_0619,cust_006,2024-01-26,completed,250.4,USD,2024-01-29
ord_0620,cust_005,2024-03-08,refunded,355.14,USD,2024-03-16
ord_0621,cust_007,2024-01-27,shipped,465.28,USD,2024-02-22
ord_0622,cust_011,2024-02-23,cancelled,43.28,USD,2024-03-13
ord_0623,cust_035,2024-01-10,pending,62.1,USD,2024-02-02
ord_0624,cust_030,2024-02-01,refunded,318.28,USD,2024-02-06
ord_0625,cust_072,2024-03-22,refunded,188.61,USD,2024-04-05
ord_0626,cust_090,2024-01-24,refunded,209.76,USD,2024-02-03
ord_0627,cust_085,2024-02-15,cancelled,498.47,USD,2024-03-13
ord_0628,cust_048,2024-02-11,refunded,131.75,USD,2024-02-28
ord_0629,cust_028,2024-02-16,shipped,232.04,USD,2024-02-28
ord_0630,cust_001,2024-03-07,pending,161.39,USD,2024-03-16
ord_0631,cust_029,2024-03-29,cancelled,262.97,USD,2024-04-16
ord_0632,cust_074,2024-01-18,cancelled,297.35,USD,2024-01-25
ord_0633,cust_033,2024-01-28,completed,365.94,USD,2024-02-22
ord_0634,cust_062,2024-03-14,completed,303.69,USD,2024-03-23
ord_0635,cust_005,2024-01-08,cancelled,411.31,USD,2024-01-21
ord_0636,cust_016,2024-03-18,completed,322.44,USD,2024-04-07
ord_0637,cust_049,2024-03-13,pending,353.42,USD,2024-03-17
ord_0638,cust_007,2024-03-17,refunded,259.79,USD,2024-03-24
ord_0639,cust_056,2024-01-11,shipped,292.15,USD,2024-01-12
ord_0640,cust_071,2024-03-30,pending,248.25,USD,2024-04-05
ord_0641,cust_063,2024-03-08,pending,144.13,USD,2024-03-21
ord_0642,cust_042,2024-02-22,shipped,192.15,USD,2024-02-28
ord_0643,cust_042,2024-01-22,cancelled,495.23,USD,2024-02-05
ord_0644,cust_080,2024-01-26,cancelled,0.01,USD,2024-01-28
ord_0645,cust_015,2024-01-19,cancelled,0.01,USD,2024-01-22
ord_0646,cust_040,2024-03-09,pending,268.78,USD,2024-03-17
ord_0647,cust_071,2024-03-30,completed,197.65,USD,2024-04-27
ord_0648,cust_085,2024-01-26,refunded,146.57,USD,2024-02-09
ord_0649,cust_084,2024-03-25,cancelled,24.25,USD,2024-04-21
ord_0650,cust_084,2024-03-31,completed,453.38,USD,2024-04-15
ord_0651,cust_077,2024-02-28,refunded,464.28,USD,2024-02-28
ord_0652,cust_006,2024-02-20,pending,,USD,2024-03-12
ord_0653,cust_046,2024-03-05,cancelled,318.51,USD,2024-04-02
ord_0654,cust_050,2024-03-12,cancelled,0.0,USD,2024-03-24
ord_0655,cust_085,2024-03-27,refunded,438.26,USD,2024-04-17
ord_0656,cust_030,2024-02-09,refunded,174.7,USD,2024-02-26
ord_0657,cust_017,2024-01-26,pending,356.99,USD,2024-02-11
ord_0658,cust_018,2024-03-24,refunded,459.8,USD,2024-04-03
ord_0659,cust_009,2024-02-10,pending,386.24,USD,2024-03-09
ord_0660,cust_053,2024-03-22,cancelled,0.0,USD,2024-03-26
ord_0661,cust_024,2024-03-18,refunded,312.0,USD,2024-04-06
ord_0662,cust_030,2024-03-02,pending,308.29,USD,2024-03-24
ord_0663,cust_084,2024-01-18,pending,30.63,USD,2024-02-11
ord_0664,cust_002,2024-03-26,pending,47.08,USD,2024-04-24
ord_0665,cust_057,2024-02-28,pending,391.46,USD,2024-03-18
ord_0666,cust_095,2024-03-14,refunded,275.04,USD,2024-04-03
ord_0667,cust_091,2024-01-06,pending,206.87,USD,2024-01-29
ord_0668,cust_006,2024-01-07,pending,208.05,USD,2024-01-16
ord_0669,cust_100,2024-03-19,completed,349.63,USD,2024-04-16
ord_0670,cust_019,2024-03-05,completed,102.19,USD,2024-03-23
ord_0671,cust_090,2024-01-04,pending,449.86,USD,2024-02-01
ord_0672,cust_026,2024-03-24,pending,74.92,USD,2024-03-27
ord_0673,cust_091,2024-02-19,refunded,311.86,USD,2024-02-24
ord_0674,cust_049,2024-02-12,refunded,437.58,USD,2024-03-10
ord_0675,cust_020,2024-01-07,shipped,164.41,USD,2024-01-30
ord_0676,cust_099,2024-01-17,pending,,USD,2024-02-10
ord_0677,cust_033,invalid_date,shipped,429.87,USD,invalid_date
ord_0678,cust_001,2024-03-25,shipped,235.06,USD,2024-04-08
ord_0679,cust_011,2024-06-19,cancelled,285.41,USD,2024-07-15
ord_0680,cust_027,2024-01-05,pending,338.49,USD,2024-01-31
ord_0681,cust_078,2024-02-23,pending,152.92,USD,2024-03-15
ord_0682,cust_089,2024-02-28,refunded,189.69,USD,2024-02-29
ord_0683,cust_012,2024-01-09,shipped,424.01,USD,2024-01-11
ord_0684,cust_038,2024-02-12,refunded,215.67,USD,2024-02-18
ord_0685,cust_090,2024-03-21,refunded,493.79,USD,2024-04-05
ord_0686,cust_093,2024-02-06,shipped,310.29,USD,2024-02-16
ord_0687,cust_034,2024-01-17,refunded,287.88,USD,2024-02-02
ord_0688,cust_094,2024-03-19,pending,489.94,USD,2024-03-19
ord_0689,cust_016,2024-01-27,refunded,499.51,USD,2024-02-09
ord_0690,cust_006,2024-01-02,pending,138.39,USD,2024-01-04
ord_0691,cust_040,2024-01-15,cancelled,366.33,USD,2024-02-03
ord_0692,cust_004,2024-03-27,shipped,459.34,USD,2024-04-21
ord_0693,cust_005,2024-03-09,cancelled,409.87,USD,2024-04-07
ord_0694,cust_096,2024-03-27,cancelled,24.08,USD,2024-04-14
ord_0695,cust_088,2024-01-09,pending,30.12,USD,2024-01-21
ord_0696,cust_081,2024-01-24,refunded,71.67,USD,2024-02-18
ord_0697,cust_097,2024-02-04,shipped,57.1,USD,2024-03-03
ord_0698,cust_031,2024-03-08,cancelled,0.0,USD,2024-03-09
ord_0699,cust_100,2024-03-02,refunded,89.73,USD,2024-03-12
ord_0700,cust_062,2024-01-19,completed,413.74,USD,2024-02-18
ord_0701,cust_067,2024-02-28,shipped,361.13,USD,2024-03-15
ord_0702,cust_015,invalid_date,completed,348.22,USD,invalid_date
ord_0703,cust_012,2024-03-25,cancelled,0.01,USD,2024-04-14
ord_0704,cust_027,2024-02-10,shipped,340.5,USD,2024-02-18
ord_0705,cust_020,2024-03-12,refunded,64.65,USD,2024-03-29
ord_0706,cust_045,2024-02-06,refunded,133.74,USD,2024-02-08
ord_0707,cust_040,2024-01-17,completed,243.31,USD,2024-02-07
ord_0708,cust_007,2024-01-23,refunded,447.27,USD,2024-02-12
ord_0709,cust_089,2024-01-26,refunded,53.09,USD,2024-02-24
ord_0710,cust_097,2024-03-30,shipped,62.17,USD,2024-04-08
ord_0711,cust_088,2024-01-29,pending,314.22,USD,2024-02-27
ord_0712,cust_047,2024-02-11,shipped,251.44,USD,2024-02-13
ord_0713,cust_061,2024-02-06,cancelled,76.79,USD,2024-02-09
ord_0714,cust_052,2024-03-24,completed,399.33,USD,2024-04-10
ord_0715,cust_060,2024-03-11,pending,201.15,USD,2024-03-21
ord_0716,cust_027,2024-02-25,refunded,396.85,USD,2024-03-13
ord_0717,cust_089,2024-03-14,shipped,70.45,USD,2024-04-02
ord_0718,cust_060,2024-02-09,shipped,48.76,USD,2024-02-12
ord_0719,cust_088,2024-03-04,completed,58.91,USD,2024-03-30
ord_0720,cust_018,2024-01-01,pending,234.69,USD,2024-01-10
ord_0721,cust_050,2024-02-10,cancelled,457.9,USD,2024-02-19
ord_0722,cust_056,2024-03-15,completed,311.57,USD,2024-03-31
ord_0723,cust_052,2024-03-11,completed,15.41,USD,2024-03-28
ord_0724,cust_046,2024-02-25,refunded,206.22,USD,2024-03-06
ord_0725,cust_092,2024-03-25,pending,106.29,USD,2024-04-06
ord_0726,cust_047,2024-03-26,pending,49.8,USD,2024-03-26
ord_0727,cust_019,2024-01-18,completed,81.55,USD,2024-02-12
ord_0728,cust_054,2024-02-24,refunded,102.2,USD,2024-03-11
ord_0729,cust_055,2024-01-24,shipped,308.22,USD,2024-02-11
ord_0730,cust_064,2024-02-22,refunded,294.53,USD,2024-02-23
ord_0731,cust_005,2024-03-02,completed,83.91,USD,2024-03-25
ord_0732,cust_068,2024-02-29,refunded,52.94,USD,2024-03-28
ord_0733,cust_079,2024-03-26,completed,346.78,USD,2024-04-12
ord_0734,cust_075,2024-01-02,shipped,235.21,USD,2024-01-30
ord_0735,cust_061,2024-02-07,cancelled,0.01,USD,2024-02-26
ord_0736,cust_096,2024-03-21,shipped,295.4,USD,2024-04-08
ord_0737,cust_007,2024-01-04,cancelled,76.51,USD,2024-01-06
ord_0738,cust_036,2024-02-02,completed,374.59,USD,2024-02-21
ord_0739,cust_023,2024-02-17,pending,354.88,USD,2024-03-03
ord_0740,cust_024,2024-01-11,pending,413.54,USD,2024-02-06
ord_0741,cust_064,2024-03-25,shipped,367.11,USD,2024-03-30
ord_0742,cust_027,2024-02-03,completed,40.47,USD,2024-02-17
ord_0743,cust_052,2024-03-09,pending,357.22,USD,2024-03-24
ord_0744,cust_034,2020-01-01,shipped,200.27,USD,2020-01-11
ord_0745,cust_068,2024-03-22,cancelled,224.42,USD,2024-04-20
ord_0746,cust_084,2024-01-13,cancelled,204.71,USD,2024-02-06
ord_0747,cust_087,2024-01-25,refunded,178.64,USD,2024-02-16
ord_0748,cust_024,2024-04-11,completed,20.8,USD,2024-04-14
ord_0749,cust_068,2024-02-06,cancelled,0.0,USD,2024-02-08
ord_0750,cust_008,2024-03-17,completed,358.42,USD,2024-03-20
ord_0751,cust_012,2024-03-23,refunded,404.55,USD,2024-03-28
ord_0752,cust_015,2024-01-10,shipped,462.51,USD,2024-01-18
ord_0753,cust_099,2024-02-11,cancelled,0.0,USD,2024-03-06
ord_0754,cust_008,2024-02-03,pending,253.49,USD,2024-03-03
ord_0755,cust_026,2024-01-19,refunded,387.82,USD,2024-01-25
ord_0756,cust_079,2024-01-14,completed,50.37,USD,2024-02-01
ord_0757,cust_094,2024-01-20,completed,467.45,USD,2024-02-10
ord_0758,cust_050,2024-03-14,completed,264.96,USD,2024-04-13
ord_0759,cust_099,2024-01-09,refunded,124.54,USD,2024-01-21
ord_0760,cust_089,2024-02-15,cancelled,209.3,USD,2024-03-06
ord_0761,cust_083,2024-01-11,shipped,383.82,USD,2024-01-20
ord_0762,cust_083,2024-03-25,pending,204.2,USD,2024-03-28
ord_0763,cust_081,2024-02-26,pending,108.65,USD,2024-03-20
ord_0764,cust_076,2024-03-23,cancelled,483.0,USD,2024-04-17
ord_0765,cust_058,2024-05-23,completed,178.79,USD,2024-06-15
ord_0766,cust_006,2024-03-07,shipped,470.94,USD,2024-04-03
ord_0767,cust_069,2024-01-05,pending,24.25,USD,2024-02-03
ord_0768,cust_080,2024-01-23,completed,453.76,USD,2024-02-18
ord_0769,cust_013,2024-01-14,completed,256.11,USD,2024-02-08
ord_0770,cust_079,2024-03-27,shipped,172.25,USD,2024-04-17
ord_0771,cust_074,2024-01-28,completed,302.65,USD,2024-02-07
ord_0772,cust_009,2024-03-30,cancelled,227.75,USD,2024-04-28
ord_0773,cust_075,2024-03-19,shipped,392.17,USD,2024-03-19
ord_0774,cust_063,2024-04-21,refunded,445.15,USD,2024-05-04
ord_0775,cust_089,2024-01-27,pending,268.7,USD,2024-02-09
ord_0776,cust_031,2024-01-24,shipped,311.84,USD,2024-01-26
ord_0777,cust_081,2024-03-12,pending,493.5,USD,2024-03-15
ord_0778,cust_080,2024-01-29,shipped,388.61,USD,2024-02-19
ord_0779,cust_027,2024-03-28,shipped,256.29,USD,2024-04-02
ord_0780,cust_086,2024-01-27,shipped,136.92,USD,2024-02-15
ord_0781,cust_098,2024-03-09,pending,29.1,USD,2024-03-25
ord_0782,cust_015,2024-03-15,cancelled,377.34,USD,2024-04-12
ord_0783,cust_042,2024-01-31,shipped,436.89,USD,2024-02-12
ord_0784,cust_029,2024-02-25,pending,310.58,USD,2024-03-01
ord_0785,cust_050,2024-02-15,cancelled,0.0,USD,2024-03-08
ord_0786,cust_073,2024-02-28,shipped,98.03,USD,2024-03-09
ord_0787,cust_029,2024-03-22,refunded,454.21,USD,2024-04-09
ord_0788,cust_071,2024-03-03,pending,420.94,USD,2024-03-11
ord_0789,cust_002,2024-02-11,shipped,296.04,USD,2024-03-10
ord_0790,cust_076,2024-02-23,completed,34.43,USD,2024-03-09
ord_0791,cust_094,2024-03-02,completed,234.43,USD,2024-03-09
ord_0792,cust_011,2024-07-12,shipped,475.72,USD,2024-07-16
ord_0793,cust_046,2024-03-02,cancelled,0.0,USD,2024-03-20
ord_0794,cust_096,2024-01-18,shipped,104.7,USD,2024-02-14
ord_0795,cust_048,2020-01-01,completed,201.67,USD,2020-01-23
ord_0796,cust_043,2024-03-30,refunded,278.08,USD,2024-04-24
ord_0797,cust_027,2024-01-08,refunded,473.48,USD,2024-01-29
ord_0798,cust_047,2024-03-20,completed,192.3,USD,2024-03-25
ord_0799,cust_083,2024-01-27,pending,130.74,USD,2024-01-30
ord_0800,cust_084,2024-03-30,pending,384.03,USD,2024-04-09
ord_0801,cust_046,2024-01-07,completed,195.81,USD,2024-01-21
ord_0802,cust_063,2024-03-09,refunded,451.23,USD,2024-03-23
ord_0803,cust_080,2024-01-09,pending,237.07,USD,2024-01-11
ord_0804,cust_051,2024-01-14,pending,353.08,USD,2024-01-29
ord_0805,cust_020,2024-02-07,shipped,485.24,USD,2024-02-24
ord_0806,cust_017,2024-01-03,cancelled,0.0,USD,2024-01-28
ord_0807,cust_030,2024-03-15,cancelled,396.61,USD,2024-03-30
ord_0808,cust_076,2024-02-28,cancelled,450.67,USD,2024-03-08
ord_0809,cust_022,2024-02-06,completed,86.94,USD,2024-02-15
ord_0810,cust_059,2024-03-09,cancelled,0.0,USD,2024-03-31
ord_0811,cust_089,2024-01-15,completed,496.98,USD,2024-02-02
ord_0812,cust_017,2024-03-31,completed,337.79,USD,2024-04-11
ord_0813,cust_019,2024-02-08,completed,461.41,USD,2024-02-20
ord_0814,cust_064,2024-01-20,completed,485.52,USD,2024-02-06
ord_0815,cust_065,2024-02-07,refunded,338.44,USD,2024-03-03
ord_0816,cust_073,2024-01-15,shipped,451.58,USD,2024-01-19
ord_0817,cust_087,2024-01-29,shipped,188.34,USD,2024-02-08
ord_0818,cust_008,2024-02-05,pending,,USD,2024-02-22
ord_0819,cust_058,2024-02-20,pending,307.54,USD,2024-03-07
ord_0820,cust_008,2024-02-24,cancelled,20.91,USD,2024-03-06
ord_0821,cust_045,2024-01-28,shipped,374.64,USD,2024-02-10
ord_0822,cust_057,2024-02-24,shipped,82.69,USD,2024-03-13
ord_0823,cust_077,2024-03-08,cancelled,0.01,USD,2024-04-01
ord_0824,cust_049,2024-02-23,pending,359.47,USD,2024-03-18
ord_0825,cust_018,2024-03-03,completed,414.06,USD,2024-03-12
ord_0826,cust_075,2024-01-04,completed,89.7,USD,2024-01-13
ord_0827,cust_082,2024-02-06,shipped,102.0,USD,2024-03-06
ord_0828,cust_089,2024-03-04,completed,305.46,USD,2024-03-15
ord_0829,cust_075,2024-03-28,shipped,487.52,USD,2024-04-23
ord_0830,cust_016,2020-01-01,cancelled,0.0,USD,2020-01-11
ord_0831,cust_060,2024-02-04,cancelled,457.37,USD,2024-02-15
ord_0832,cust_007,2024-03-06,pending,103.88,USD,2024-03-09
ord_0833,cust_077,2024-03-28,cancelled,0.01,USD,2024-04-08
ord_0834,cust_013,2024-01-18,refunded,151.49,USD,2024-02-11
ord_0835,cust_063,2024-01-28,pending,418.31,USD,2024-02-22
ord_0836,cust_072,2024-03-09,refunded,355.6,USD,2024-04-03
ord_0837,cust_015,2024-01-17,completed,247.57,USD,2024-01-26
ord_0838,cust_089,2024-03-17,refunded,385.34,USD,2024-03-27
ord_0839,cust_023,2024-01-29,pending,84.04,USD,2024-02-05
ord_0840,cust_040,2024-03-29,completed,52.7,USD,2024-04-22
ord_0841,cust_062,2024-03-25,refunded,302.69,USD,2024-04-09
ord_0842,cust_016,2024-01-02,completed,394.45,USD,2024-01-31
ord_0843,cust_078,2024-02-14,completed,59.03,USD,2024-03-12
ord_0844,cust_096,2024-01-21,refunded,393.69,USD,2024-02-09
ord_0845,cust_031,2024-01-02,refunded,120.24,USD,2024-01-08
ord_0846,cust_037,2020-01-01,completed,463.25,USD,2020-01-30
ord_0847,cust_065,2024-01-24,shipped,341.66,USD,2024-01-27
ord_0848,cust_024,2024-03-06,pending,384.28,USD,2024-03-16
ord_0849,cust_016,2024-02-16,cancelled,34.7,USD,2024-02-26
ord_0850,cust_064,2024-02-09,shipped,124.55,USD,2024-02-22
ord_0851,cust_038,2024-03-01,cancelled,0.01,USD,2024-03-16
ord_0852,cust_087,2024-01-11,completed,84.53,USD,2024-01-23
ord_0853,cust_089,2024-01-22,completed,191.4,USD,2024-01-28
ord_0854,cust_044,2024-01-30,shipped,366.72,USD,2024-02-07
ord_0855,cust_098,2024-03-23,shipped,187.71,USD,2024-04-13
ord_0856,cust_078,2024-01-19,shipped,67.4,USD,2024-01-27
ord_0857,cust_063,2024-01-13,completed,417.7,USD,2024-01-28
ord_0858,cust_087,2024-02-11,pending,317.27,USD,2024-03-06
ord_0859,cust_010,2024-02-29,pending,256.48,USD,2024-03-16
ord_0860,cust_034,2024-01-03,completed,495.5,USD,2024-01-31
ord_0861,cust_016,2024-02-28,completed,30.94,USD,2024-03-16
ord_0862,cust_085,2024-03-03,shipped,80.23,USD,2024-03-25
ord_0863,cust_050,2024-03-25,refunded,347.41,USD,2024-04-12
ord_0864,cust_061,2024-02-20,cancelled,485.87,USD,2024-03-10
ord_0865,cust_087,2024-01-04,refunded,36.88,USD,2024-01-30
ord_0866,cust_047,2024-03-21,cancelled,222.65,USD,2024-04-01
ord_0867,cust_053,2024-03-23,cancelled,456.54,USD,2024-03-25
ord_0868,cust_040,2024-01-05,shipped,334.02,USD,2024-01-18
ord_0869,cust_073,2024-03-01,refunded,25.78,USD,2024-03-11
ord_0870,cust_049,2024-03-03,completed,350.07,USD,2024-03-09
ord_0871,cust_044,2024-01-22,refunded,160.27,USD,2024-02-04
ord_0872,cust_026,2024-03-09,pending,38.05,USD,2024-03-27
ord_0873,cust_052,2024-03-15,completed,302.05,USD,2024-03-23
ord_0874,cust_009,2024-02-14,completed,331.0,USD,2024-02-23
ord_0875,cust_065,2024-01-26,shipped,210.12,USD,2024-02-14
ord_0876,cust_066,2024-01-03,refunded,433.41,USD,2024-01-21
ord_0877,cust_064,2024-02-29,cancelled,273.37,USD,2024-03-19
ord_0878,cust_099,2024-01-08,refunded,112.31,USD,2024-01-22
ord_0879,cust_019,2024-02-25,shipped,169.55,USD,2024-03-22
ord_0880,cust_009,2024-02-06,pending,306.6,USD,2024-02-18
ord_0881,cust_031,2024-02-09,shipped,250.41,USD,2024-02-22
ord_0882,cust_055,2024-01-18,completed,140.32,USD,2024-02-12
ord_0883,cust_036,2024-03-03,completed,41.83,USD,2024-03-31
ord_0884,cust_011,2024-02-22,cancelled,444.57,USD,2024-03-05
ord_0885,cust_093,2024-03-05,completed,268.15,USD,2024-03-31
ord_0886,cust_075,2024-01-12,pending,390.0,USD,2024-01-22
ord_0887,cust_043,2024-01-31,shipped,120.73,USD,2024-02-03
ord_0888,cust_023,2024-03-16,completed,252.82,USD,2024-03-27
ord_0889,cust_090,2024-03-28,pending,441.53,USD,2024-04-26
ord_0890,cust_019,2024-01-03,refunded,31.88,USD,2024-01-26
ord_0891,cust_085,2024-03-26,pending,201.57,USD,2024-04-15
ord_0892,cust_090,2024-01-31,shipped,203.41,USD,2024-02-29
ord_0893,cust_051,2024-01-31,cancelled,0.01,USD,2024-02-29
ord_0894,cust_057,2024-02-22,completed,147.91,USD,2024-02-24
ord_0895,cust_100,2024-02-12,shipped,440.23,USD,2024-03-09
ord_0896,cust_013,2024-02-15,shipped,307.03,USD,2024-03-12
ord_0897,cust_071,2024-01-07,pending,398.64,USD,2024-01-11
ord_0898,cust_001,2024-01-11,completed,91.54,USD,2024-01-27
ord_0899,cust_092,2024-03-17,shipped,399.43,USD,2024-03-27
ord_0900,cust_058,2024-03-28,refunded,415.98,USD,2024-04-22
ord_0901,cust_037,2024-02-18,refunded,123.88,USD,2024-03-19
ord_0902,cust_003,2024-01-12,shipped,111.16,USD,2024-02-03
ord_0903,cust_022,2024-01-20,completed,479.65,USD,2024-01-25
ord_0904,cust_073,2024-02-28,shipped,72.48,USD,2024-03-21
ord_0905,cust_027,2024-02-06,shipped,200.31,USD,2024-02-19
ord_0906,cust_027,2024-03-27,pending,213.13,USD,2024-03-31
ord_0907,cust_004,2024-02-01,cancelled,328.91,USD,2024-02-03
ord_0908,cust_002,2024-02-20,pending,358.6,USD,2024-03-14
ord_0909,cust_077,2024-02-12,pending,186.84,USD,2024-03-02
ord_0910,cust_086,2024-01-06,completed,138.02,USD,2024-01-25
ord_0911,cust_049,2024-03-12,completed,296.54,USD,2024-03-20
ord_0912,cust_022,2024-01-17,completed,168.9,USD,2024-02-02
ord_0913,cust_056,2024-01-17,shipped,437.76,USD,2024-02-12
ord_0914,cust_036,2024-02-03,refunded,417.35,USD,2024-03-03
ord_0915,cust_034,2024-03-03,pending,462.58,USD,2024-03-23
ord_0916,cust_057,2024-01-05,shipped,141.21,USD,2024-01-27
ord_0917,cust_060,2024-01-06,shipped,187.91,USD,2024-01-28
ord_0918,cust_072,2024-01-19,completed,184.56,USD,2024-01-25
ord_0919,cust_037,2024-02-04,refunded,447.08,USD,2024-02-22
ord_0920,cust_028,2024-03-14,pending,52.27,USD,2024-04-07
ord_0921,cust_064,2024-03-28,completed,206.17,USD,2024-04-15
ord_0922,cust_014,2024-03-31,shipped,235.22,USD,2024-04-30
ord_0923,cust_035,2024-04-15,refunded,476.18,USD,2024-04-25
ord_0924,cust_094,2024-01-17,pending,403.76,USD,2024-01-26
ord_0925,cust_042,2024-03-18,shipped,59.89,USD,2024-03-26
ord_0926,cust_023,2024-01-03,pending,393.05,USD,2024-01-12
ord_0927,cust_083,2024-03-03,shipped,371.91,USD,2024-04-01
ord_0928,cust_040,2024-01-13,cancelled,252.47,USD,2024-02-10
ord_0929,cust_050,2024-02-24,cancelled,225.54,USD,2024-03-08
ord_0930,cust_012,2024-01-29,pending,270.73,USD,2024-02-18
ord_0931,cust_068,2024-03-02,cancelled,0.0,USD,2024-03-30
ord_0932,cust_039,2024-01-07,refunded,52.12,USD,2024-01-08
ord_0933,cust_066,2024-03-25,refunded,409.22,USD,2024-04-05
ord_0934,cust_033,2020-01-01,shipped,102.08,USD,2020-01-06
ord_0935,cust_051,2024-02-10,refunded,366.19,USD,2024-03-05
ord_0936,cust_086,2024-01-24,pending,377.31,USD,2024-02-12
ord_0937,cust_034,2024-01-01,shipped,71.59,USD,2024-01-06
ord_0938,cust_084,2024-03-18,shipped,161.86,USD,2024-04-13
ord_0939,cust_079,2024-02-20,cancelled,0.0,USD,2024-02-26
ord_0940,cust_015,2024-01-04,pending,85.4,USD,2024-01-11
ord_0941,cust_056,2024-01-12,cancelled,86.86,USD,2024-01-25
ord_0942,cust_003,2024-02-26,shipped,243.67,USD,2024-03-24
ord_0943,cust_058,2024-02-20,completed,176.92,USD,2024-02-23
ord_0944,cust_081,2024-03-04,refunded,303.98,USD,2024-03-21
ord_0945,cust_038,2024-03-19,shipped,127.47,USD,2024-03-20
ord_0946,cust_068,invalid_date,refunded,168.19,USD,invalid_date
ord_0947,cust_035,2024-03-04,refunded,470.4,USD,2024-03-15
ord_0948,cust_058,2024-01-25,shipped,181.77,USD,2024-02-01
ord_0949,cust_065,2024-03-18,shipped,78.61,USD,2024-03-27
ord_0950,cust_093,2024-03-27,cancelled,402.88,USD,2024-04-23
ord_0951,cust_021,2024-03-26,shipped,77.61,USD,2024-04-01
ord_0952,cust_021,2024-03-04,cancelled,0.01,USD,2024-03-04
ord_0953,cust_046,2024-03-05,completed,406.31,USD,2024-03-15
ord_0954,cust_056,2024-03-03,cancelled,395.67,USD,2024-03-27
ord_0955,cust_006,2024-03-29,refunded,308.08,USD,2024-04-01
ord_0956,cust_091,2024-01-15,completed,394.1,USD,2024-02-03
ord_0957,cust_014,2024-03-21,completed,437.37,USD,2024-04-19
ord_0958,cust_047,2024-03-05,shipped,370.29,USD,2024-03-08
ord_0959,cust_020,2024-01-26,shipped,485.27,USD,2024-02-19
ord_0960,cust_099,invalid_date,shipped,180.54,USD,invalid_date
ord_0961,cust_022,2024-02-16,pending,380.45,USD,2024-02-29
ord_0962,cust_030,2024-02-28,refunded,400.38,USD,2024-03-10
ord_0963,cust_004,2024-03-07,completed,56.12,USD,2024-03-17
ord_0964,cust_052,2024-01-05,pending,43.04,USD,2024-01-25
ord_0965,cust_092,2024-02-23,shipped,444.6,USD,2024-03-16
ord_0966,cust_071,2024-02-14,completed,416.1,USD,2024-03-13
ord_0967,cust_068,2024-03-23,pending,317.81,USD,2024-04-11
ord_0968,cust_084,2024-03-24,shipped,391.07,USD,2024-04-21
ord_0969,cust_039,2024-01-17,refunded,496.08,USD,2024-01-26
ord_0970,cust_028,2024-03-22,pending,,USD,2024-04-19
ord_0971,cust_070,2024-02-24,refunded,68.56,USD,2024-02-25
ord_0972,cust_048,2024-03-24,completed,232.64,USD,2024-04-11
ord_0973,cust_095,invalid_date,cancelled,405.61,USD,invalid_date
ord_0974,cust_073,2024-03-17,pending,153.0,USD,2024-04-11
ord_0975,cust_092,2024-02-01,completed,174.01,USD,2024-02-19
ord_0976,cust_025,2024-02-24,shipped,54.74,USD,2024-02-25
ord_0977,cust_055,2024-02-17,refunded,210.34,USD,2024-03-05
ord_0978,cust_067,2024-03-22,shipped,498.31,USD,2024-04-13
ord_0979,cust_063,2024-03-05,pending,236.99,USD,2024-04-04
ord_0980,cust_091,2024-02-28,shipped,30.81,USD,2024-03-04
ord_0981,cust_072,2024-02-22,completed,73.62,USD,2024-03-11
ord_0982,cust_038,2024-02-17,cancelled,0.0,USD,2024-02-21
ord_0983,cust_019,2024-02-09,cancelled,0.01,USD,2024-02-24
ord_0984,cust_001,2024-02-23,shipped,292.93,USD,2024-03-12
ord_0985,cust_058,2024-03-18,pending,259.81,USD,2024-04-01
ord_0986,cust_098,2024-02-11,completed,402.91,USD,2024-03-03
ord_0987,cust_080,2024-03-10,completed,479.67,USD,2024-04-07
ord_0988,cust_057,2024-03-31,completed,292.42,USD,2024-04-25
ord_0989,cust_099,2024-03-12,completed,108.33,USD,2024-03-31
ord_0990,cust_070,2024-01-25,shipped,258.78,USD,2024-01-25
ord_0991,cust_016,2024-02-05,pending,357.22,USD,2024-03-04
ord_0992,cust_075,2024-02-21,refunded,36.82,USD,2024-03-19
ord_0993,cust_003,2024-03-08,cancelled,59.15,USD,2024-03-11
ord_0994,cust_070,2024-01-12,pending,212.53,USD,2024-01-17
ord_0995,cust_008,2024-01-08,cancelled,170.22,USD,2024-01-21
ord_0996,cust_042,2024-01-07,pending,304.55,USD,2024-01-14
ord_0997,cust_064,2024-02-04,completed,169.39,USD,2024-02-21
ord_0998,cust_053,2024-01-03,cancelled,299.29,USD,2024-01-06
ord_0999,cust_032,2024-03-13,shipped,231.3,USD,2024-04-09
ord_1000,cust_082,2024-03-10,pending,275.7,USD,2024-03-23
ord_0501,cust_058,2024-02-01,completed,692.08,USD,2024-02-11
